{
	"rows": 2,
	"cols": 2,
	"values": [ 0.866025, -0.5, 0.5, 0.866025 ]
}